member_id,first_name,last_name,name,city,betweenness_centrality,closeness_centrality,eigenvector_centrality,degree_centrality,num_friends,group_betweenness,group_closeness,group_eigenvector,group_degree
410451634,Глеб,Зворыкин,Глеб Зворыкин,Москва,0.03129229510137718,0.3771712158808933,0.12897348664909603,0.039473684210526314,6,0.0,0.5714285714285714,0.2713949671701046,0.25
485335940,Влад,Журавлев,Влад Журавлев,Одинцово,0.029675519507388285,0.36982968369829683,0.11887753199234548,0.039473684210526314,6,0.0,0.5714285714285714,0.2713949671701046,0.25
224573416,Алексей,Васильков,Алексей Васильков,Фрязино,0.030958262242945605,0.40318302387267907,0.20877715769890953,0.05921052631578947,9,0.8333333333333333,1.0,0.6358559007605201,1.0
265744005,Алексей,Прохоров,Алексей Прохоров,Щелково,0.034107761501888365,0.3771712158808933,0.1433458905795967,0.046052631578947366,7,0.0,0.6666666666666666,0.47348538364848347,0.5
235618164,Артём,Потапов,Артём Потапов,Балашиха,0.04010818753107006,0.38095238095238093,0.14364538774667043,0.046052631578947366,7,0.0,0.6666666666666666,0.47348538364848347,0.5
