member_id,first_name,last_name,name,city,betweenness_centrality,closeness_centrality,eigenvector_centrality,degree_centrality,num_friends,group_betweenness,group_closeness,group_eigenvector,group_degree
410451634,Глеб,Зворыкин,Глеб Зворыкин,Москва,0.03136981526664343,0.10765550239234449,5.836801568475626e-05,0.03289473684210526,5,0.0,0.0,0.4472135954999579,0.0
485335940,Влад,Журавлев,Влад Журавлев,Одинцово,0.03136981526664343,0.10765550239234449,5.836801568475626e-05,0.03289473684210526,5,0.0,0.0,0.4472135954999579,0.0
224573416,Алексей,Васильков,Алексей Васильков,Фрязино,0.02313523875914953,0.10113519091847266,0.4681351816087266,0.03289473684210526,5,0.0,0.0,0.4472135954999579,0.0
265744005,Алексей,Прохоров,Алексей Прохоров,Щелково,0.03136981526664343,0.10765550239234449,5.836801568475626e-05,0.03289473684210526,5,0.0,0.0,0.4472135954999579,0.0
235618164,Артём,Потапов,Артём Потапов,Балашиха,0.03136981526664343,0.10765550239234449,5.836801568475626e-05,0.03289473684210526,5,0.0,0.0,0.4472135954999579,0.0
