,nodes,edges,density,is_connected,largest_component_size,num_components,average_clustering,diameter,average_path_length
group_only,5,0,0,False,1,5,0.0,,
member_410451634,6,5,0.3333333333333333,True,,,0.0,2,1.6666666666666667
member_485335940,6,5,0.3333333333333333,True,,,0.0,2,1.6666666666666667
member_224573416,6,6,0.4,True,,,0.35000000000000003,2,1.6
member_265744005,6,5,0.3333333333333333,True,,,0.0,2,1.6666666666666667
member_235618164,6,5,0.3333333333333333,True,,,0.0,2,1.6666666666666667
k_core,6,7,0.4666666666666667,True,,,0.3611111111111111,3,1.6666666666666667
high_centrality,51,48,0.03764705882352941,False,26,5,0.041176470588235294,4,3.0923076923076924
